Date,Open,High,Low,Last,Close,Total Trade Quantity,Turnover (Naira)
5/16/2019,99,99,99,99,99,5541400,548598600
5/17/2019,99,108.9,108.9,108.9,108.9,32098599,3495537431
5/20/2019,108.9,119.75,119.75,119.75,119.75,51401660,6155348785
5/21/2019,119.75,131.7,131.7,131.7,131.7,110718889,14581677681
5/22/2019,131.7,144.85,144.85,144.85,144.85,93722710,13575734543
5/23/2019,159.3,159.3,145,149,149,34226952,5238818544
5/24/2019,149,155,138,140,140,7723355,1156633845
5/27/2019,140,139,129.85,130,130,7228890,948211776.7
5/28/2019,130,133.9,129.1,132.55,132.55,7168989,948982931.4
5/30/2019,132.55,136,133,136,136,21279372,2860171298
5/31/2019,136,136.5,136.5,136.5,136.5,1099443,150358023.4
6/3/2019,136.5,137,136.5,136.6,136.6,1465587,200508861.9
6/6/2019,136.6,137,136,136.95,136.95,3166217,432805574.8
6/7/2019,136.95,146.8,135,136.5,136.5,7751749,1082048276
6/10/2019,136.5,136.5,136,136,136,1793979,244205778.2
6/11/2019,136,136,135,135,135,11138952,1512197962
6/13/2019,135,136.5,135.1,135.1,135.1,9490116,1291334164
6/14/2019,135.1,136,135,135.6,135.6,2165363,293502605.2
6/17/2019,135.6,135.1,134,134,134,7259449,980341773.8
6/18/2019,134,134.1,133,133,133,880130,117767720.9
6/19/2019,133,133,132,132,132,3992528,530178716.7
6/20/2019,132,130.15,130,130,130,2680323,348935678
6/21/2019,130,130,129.95,130,130,9756433,1268436763
6/24/2019,130,130,130,130,130,229277,29806454.25
6/25/2019,130,129.9,128.95,129,129,3450285,444520898.1
6/26/2019,129,129,128.5,128.5,128.5,2920158,376045298.9
6/27/2019,128.5,129,122.6,129,129,3810726,484206818.9
6/28/2019,129,129.05,129,129.05,129.05,2519365,325165946.5
7/1/2019,129.05,129.5,129.5,129.5,129.5,589560,76207041.85
7/2/2019,129.5,129.05,129.05,129.05,129.05,541387,69912329.95
7/3/2019,129.05,129.15,129.05,129.05,129.05,720640,93048686
7/4/2019,129.05,129,129,129,129,907027,117032123.4
7/5/2019,129,129,128.55,129,129,2400867,309620595.8
7/8/2019,129,129.5,129.1,129.45,129.45,8586674,1110067603
7/9/2019,129.45,129.5,129.05,129.05,129.05,3807898,491664045.7
7/10/2019,129.05,133,129,133,133,11046559,1442016433
7/11/2019,133,133,129.5,130,130,5501037,724871219.6
7/12/2019,130,129.65,129.65,129.65,129.65,670432,86961346.5
7/15/2019,129.65,129.5,128.1,129,129,921011,118702157.2
7/16/2019,129,128.9,128,128,128,716413,91957472.95
7/17/2019,128,129,128,128,128,486832,62377680.55
7/18/2019,128,128,127,127,127,2624031,334024796.4
7/19/2019,127,128,127.05,128,128,1257870,160625337.5
7/22/2019,128,127.9,126,126,126,1448359,183523586.3
7/23/2019,126,127,126.4,127,127,700531,88805494.15
7/24/2019,127,127,126.9,127,127,2610404,331090249.8
7/25/2019,127,127.15,125,125,125,3379531,427483494.5
7/26/2019,125,127.05,127,127,127,5062648,643085711.2
7/29/2019,127,127,127,127,127,355616,45117516.45
7/30/2019,127,128.65,126.6,127,127,2510662,319665355.8
7/31/2019,127,129.05,126.6,127,127,5703651,725208556.7
8/1/2019,127,129.05,127,129.05,129.05,3122940,397752826.2
8/2/2019,129.05,130,127,127,127,25367525,3222522793
8/5/2019,127,128.25,128.25,128.25,128.25,410598,52621027.55
8/6/2019,128.25,129,128,128,128,1588086,204016888.3
8/7/2019,128,128.4,127,128.3,128.3,3047449,390735406.5
8/8/2019,128.3,133,130,132.5,132.5,2960293,388227341.5
8/9/2019,129.55,131,131,131,131,1051118,137585672.9
8/14/2019,131,129.25,129.25,129.25,129.25,790596,105473099.5
8/15/2019,129.25,135,131,135,135,10758571,1442016066
8/16/2019,135,135,135,135,135,1288606,168411562
8/19/2019,135,138.7,133,138.7,138.7,12370988,1704387813
8/20/2019,138.7,132.7,132.15,132.6,132.6,2423799,320964457.5
8/21/2019,132.6,136,132.75,136,136,3553453,475736856.1
8/22/2019,136,138,136.5,138,138,2969075,409418012
8/23/2019,138,138,137.8,137.95,137.95,1714937,236560658.2
8/26/2019,137.95,138,137.95,138,138,1601609,220342606.9
8/27/2019,138,140.05,132.6,140.05,140.05,17018010,2351966037
8/28/2019,140.05,140.95,139.75,140.95,140.95,15265337,2140854809
8/29/2019,140.95,138.85,138.85,138.85,138.85,469459,65834125.25
8/30/2019,138.85,141,140.05,141,141,3496786,489991588
9/2/2019,141,141,138.5,138.5,138.5,1803416,252123249.5
9/3/2019,138.5,140,139.45,140,140,3491221,487326921.4
9/4/2019,140,139.25,138,138.5,138.5,3807980,526365390
9/5/2019,138.5,138.4,138.05,138.05,138.05,4195810,579504828.2
9/6/2019,138.05,145,138,138,138,11094533,1599128510
9/9/2019,138,138.05,138.05,138.05,138.05,399434,55142491.2
9/10/2019,138.05,139,138.5,138.5,138.5,635569,88086545.5
9/11/2019,138.5,138.5,138.5,138.5,138.5,586559,81243908.6
9/12/2019,138.5,138.5,138.5,138.5,138.5,381407,52800355
9/13/2019,138.5,139,138.5,139,139,1941382,269661970.4
9/16/2019,139,139,139,139,139,236381,32908458.5
9/17/2019,139,140,139,139,139,6989772,974442266.8
9/18/2019,139,140,139.5,140,140,2056939,287411863
9/19/2019,140,140,139,140,140,1160747,162342955.5
9/20/2019,140,140,139,140,140,3175128,444402272
9/23/2019,140,140,140,140,140,175989,24496747.95
9/24/2019,140,139,138.2,139,139,573236,79577183.1
9/25/2019,139,138,138,138,138,1868730,257911537.6
9/26/2019,138,138,138,138,138,317023,43683557.05
9/27/2019,138,137,136,136,136,751957,102567904
9/30/2019,136,130.55,125,130.5,130.5,1182761,153644466.2
10/2/2019,130.5,130.5,130.5,130.5,130.5,153649,19949463.35
10/3/2019,130.5,130.5,130.5,130.5,130.5,34447,4472135.3
10/4/2019,130.5,130,130,130,130,247607,32191995.7
10/7/2019,130,130,130,130,130,124393,16174126.15
10/8/2019,130,128.5,128.5,128.5,128.5,567246,72885778.4
10/9/2019,128.5,130,130,130,130,352259,45788579.75
10/10/2019,130,130,129.6,130,130,2320625,301469442.8
10/11/2019,130,130,130,130,130,187496,24655724.45
10/14/2019,130,130,130,130,130,602127,78267332.5
10/15/2019,130,130,129,129,129,3452014,447214438
10/16/2019,129,130,128.5,128.5,128.5,2776449,358736850.6
10/17/2019,128.5,129,129,129,129,250730,32358776.15
10/18/2019,129,130,130,130,130,3561873,462942612.7
10/21/2019,130,130,130,130,130,231699,30019457.75
10/22/2019,130,129,129,129,129,1308737,168842817.9
10/23/2019,129,129,129,129,129,408850,52142684.65
10/24/2019,129,129,129,129,129,168821,21759479.4
10/25/2019,129,129,129,129,129,24429,3145122.5
10/28/2019,129,129,129,129,129,207184,26529993.25
10/29/2019,129,126.95,126.95,126.95,126.95,521271,66112995.15
10/30/2019,126.95,127,127,127,127,1982790,251764883.5
10/31/2019,127,127,126,126,126,21254644,2678598978
11/1/2019,126,125.5,125.5,125.5,125.5,1124786,141193586.1
11/4/2019,125.5,125.55,125.55,125.55,125.55,2234462,280579161.8
11/5/2019,125.55,124,124,124,124,7144036,886478341.6
11/6/2019,124,124,123,123,123,5432589,668121761.3
11/7/2019,123,123,123,123,123,329662,40556356.9
11/8/2019,123,122,122,122,122,749797,91777030.95
11/12/2019,122,122.05,122,122.05,122.05,7300342,890888085
11/13/2019,122.05,122.05,122.05,122.05,122.05,111235,13654853.15
11/14/2019,122.05,122.05,121.9,121.9,121.9,12964752,1581380362
11/15/2019,121.9,122,121,121,121,3456378,420615998.9
11/18/2019,121,121,121,121,121,524386,63507022.25
11/19/2019,121,125,121,121.9,121.9,17858527,2170018549
11/20/2019,121.9,124.9,119.05,119.05,119.05,2879413,345912485.9
11/21/2019,119.05,120,120,120,120,845602,101468233.1
11/22/2019,120,120,120,120,120,3420328,410449501.4
11/25/2019,120,120,120,120,120,1387579,166509977.8
11/26/2019,120,120,118,118,118,4360893,521978845
11/27/2019,118,118,118,118,118,1016330,120280388.4
11/28/2019,118,118,118,118,118,354181,41840959.45
11/29/2019,118,120,118.5,120,120,1221919,144898658
12/2/2019,120,120,120,120,120,910850,106427901.2
12/3/2019,120,119,116.9,119,119,569682,67485915.1
12/4/2019,119,119,119,119,119,376018,44697430.5
12/5/2019,119,119,119,119,119,246286,28834323.5
12/6/2019,119,118,118,118,118,1543958,180663420.2
12/9/2019,118,118,118,118,118,273033,31800401
12/10/2019,118,116,116,116,116,529302,61384900.5
12/11/2019,116,118,118,118,118,488941,56825896.1
12/12/2019,118,118,118,118,118,804288,93238609.5
12/13/2019,118,115.3,115.3,115.3,115.3,819972,94804776.5
12/16/2019,115.3,115.3,115.3,115.3,115.3,284539,32946769
12/17/2019,115.3,115.3,115.3,115.3,115.3,965466,108984890.2
12/18/2019,115.3,115.3,115.3,115.3,115.3,174197,19187796.1
12/19/2019,115.3,112.5,112.5,112.5,112.5,1294297,145360220.7
12/20/2019,112.5,112.5,112.5,112.5,112.5,653892,71793725.6
12/23/2019,112.5,105,105,105,105,526697,56079607.9
12/24/2019,105,105,105,105,105,624025,65430561.5
12/27/2019,105,105,105,105,105,2191046,229533115.2
12/30/2019,105,105,105,105,105,14418712,1514356635
12/31/2019,105,107,105,105,105,1036866,110356538.2
1/2/2020,105,109,109,109,109,380728,41563475.1
1/3/2020,109,109,109,109,109,4087579,445495156.8
1/6/2020,109,108.5,108,108,108,3020989,326798201.9
1/7/2020,108,107.6,107.6,107.6,107.6,3413141,367273716.2
1/8/2020,107.6,109.5,108,109.5,109.5,11950171,1292711991
1/9/2020,109.5,119,110,116,116,10297756,1185928584
1/10/2020,116,120,116,116,116,4718922,549173548.2
1/13/2020,120,127.6,120,127.6,127.6,12000320,1513909315
1/14/2020,127.6,132,124,124.2,124.2,11956423,1538616870
1/15/2020,124.2,121,120.5,120.5,120.5,1005371,121365243.4
1/16/2020,120.5,123,121.9,123,123,2418925,294776631.7
1/17/2020,123,126.6,126.3,126.6,126.6,893684,113015014.2
1/20/2020,126.6,128.3,128.3,128.3,128.3,1123826,143992326.9
1/21/2020,128.3,128.5,127,128.5,128.5,2749116,351205692.7
1/22/2020,128.5,128.2,128.2,128.2,128.2,297090,37929101.7
1/23/2020,128.2,127,127,127,127,4109280,521419774.8
1/24/2020,127,126,125,125,125,1467790,184218625.5
1/27/2020,125,125,125,125,125,1206222,150315372.1
1/28/2020,125,125,125,125,125,859491,105242364.7
1/29/2020,125,123,120,120,120,10678631,1282218059
1/30/2020,120,123,120,120,120,37549526,4550171940
1/31/2020,120,120.1,119.6,119.6,119.6,2802067,335768278.9
2/3/2020,119.6,119.6,119.6,119.6,119.6,1341431,159747339.7
2/4/2020,119.6,119.6,119.6,119.6,119.6,461210,54965943.9
2/5/2020,119.6,119.6,119.6,119.6,119.6,591959,69925006
2/6/2020,119.6,118.2,117,118.2,118.2,566579,66938348
2/7/2020,118.2,118,117,117,117,1470077,172329418.6
2/10/2020,117,115,115,115,115,4015818,462300735.4
2/11/2020,115,120,119,120,120,4487874,537676862.2
2/12/2020,120,120,120,120,120,1287499,150448081.7
2/13/2020,120,116,115,116,116,6854214,792584779.5
2/14/2020,116,116,116,116,116,331373,38511234.2
2/17/2020,116,116,116,116,116,1115190,126050026.7
2/18/2020,116,116,116,116,116,442318,50788467.8
2/19/2020,116,116,116,116,116,1943579,222616912
2/20/2020,116,116,116,116,116,268832,30960054.2
2/21/2020,116,116,116,116,116,282017,32436338.7
2/24/2020,116,116,116,116,116,48673,5602559.8
2/25/2020,116,116,116,116,116,133058,15295815.1
2/26/2020,116,112,112,112,112,2133804,239335698.5
2/27/2020,112,112.1,112,112.1,112.1,2518743,282550960
2/28/2020,112.1,112.1,110,110,110,3740671,416267733.1
3/2/2020,110,110,110,110,110,2686528,295556343.6
3/3/2020,110,115,115,115,115,628541,71437624.1
3/4/2020,115,115,115,115,115,366796,40605537
3/5/2020,115,115,115,115,115,609422,68680518.2
3/6/2020,115,115,115,115,115,941150,102633099.6
3/9/2020,115,115,115,115,115,151390,15984676.8
3/10/2020,115,103.5,103.5,103.5,103.5,173045,17910157.5
3/11/2020,103.5,103.5,93.2,103.5,103.5,10048455,998076594.8
3/12/2020,103.5,100,93.2,93.2,93.2,9164897,855946378.5
3/13/2020,93.2,93.2,93.2,93.2,93.2,654887,60216503.4
3/16/2020,93.2,94,93.1,93.1,93.1,2539988,237611099.7
3/17/2020,93.1,95,92.5,95,95,1209730,113257700.4
3/18/2020,95,104.5,104,104.5,104.5,3678165,382448609.6
3/19/2020,104.5,99.5,99.5,99.5,99.5,705552,71781618.6
3/20/2020,99.5,103,103,103,103,1417969,145461400.4
3/23/2020,103,103,103,103,103,2424029,242011286.4
3/24/2020,103,103,103,103,103,759240,74360118.3
3/25/2020,103,100,100,100,100,925649,92365453.8
3/26/2020,100,100,100,100,100,601065,60091944.7
3/27/2020,100,100,100,100,100,920887,92038266.2
3/30/2020,100,100,90,90,90,2615888,245286670.1
3/31/2020,90,90,90,90,90,509481,50391628.5
4/1/2020,90,98.4,98.4,98.4,98.4,1781766,175744451.2
4/2/2020,98.4,95,92.8,92.8,92.8,1330793,126111604.4
4/3/2020,92.8,92,90,92,92,2621366,238144922.5
4/6/2020,92,92.5,92,92,92,3351211,308981557.4
4/7/2020,92,94.8,94.2,94.8,94.8,4037145,383256395.8
4/8/2020,94.8,96.9,94.9,95,95,3551803,339049288.6
4/9/2020,95,95,95,95,95,829247,79428120.9
4/14/2020,95,98,98,98,98,2419959,237731711.2
4/15/2020,98,98,98,98,98,896573,91506226.1
4/16/2020,98,101.5,101.5,101.5,101.5,1025003,106163897.9
4/17/2020,101.5,101.5,101.5,101.5,101.5,413010,43489419
4/20/2020,96.5,100,100,100,100,1525136,152480007.7
4/21/2020,100,100,100,100,100,1088498,105474761.6
4/22/2020,100,100,100,100,100,915775,93455858.5
4/23/2020,100,100,100,100,100,304833,31652061.5
4/24/2020,100,104,104,104,104,849016,88039829.9
4/27/2020,104,104.9,104.5,104.9,104.9,2109389,221284779.1
4/28/2020,104.9,104.9,104.9,104.9,104.9,1500379,158602903.1
4/29/2020,104.9,107.4,106.1,107.4,107.4,2429478,260884849.8
4/30/2020,107.4,112,110.1,112,112,3532781,393195677.7
5/4/2020,112,116,116,116,116,1613168,187372944.5
5/5/2020,116,120,117,120,120,7641808,913499764.8
5/6/2020,120,120,120,120,120,1457066,173961680.5
5/7/2020,120,120,120,120,120,806238,92438298.3
5/8/2020,120,113,112,112,112,2588593,290691683.5
5/11/2020,112,112,112,112,112,900753,101088038.4
5/12/2020,112,111.6,111.6,111.6,111.6,2379225,265474945.2
5/13/2020,111.6,111.6,110,110,110,1554498,171567424.4
5/14/2020,110,110,110,110,110,746136,82579378.3
5/15/2020,110,109.5,109.5,109.5,109.5,1433765,157694524.6
5/18/2020,109.5,111,111,111,111,2144917,238161273.1
5/19/2020,111,111,111,111,111,842899,94246242.2
5/20/2020,111,111,111,111,111,1328831,149712222.9
5/21/2020,111,111,111,111,111,283794,32549047.7
5/22/2020,111,115,115,115,115,2712984,311940252.6
5/27/2020,115,115,114.9,115,115,3776272,435828609.8
5/28/2020,115,120,116,116,116,3993406,474317108.9
5/29/2020,116,117,116,116,116,3558193,414819668.4
6/1/2020,116,116,116,116,116,2398281,278315265.8
6/2/2020,116,118,116.5,116.5,116.5,1799008,211299380.6
6/3/2020,116.5,118.1,118,118,118,1734118,204740505.7
6/4/2020,118,117.6,116,116,116,8663435,1012447973
6/5/2020,116,116,116,116,116,183695,21429873.7
6/8/2020,116,118,118,118,118,895831,105707934.7
6/9/2020,118,118,118,118,118,844056,99683542.3
6/10/2020,118,118,118,118,118,1126925,132989354
6/11/2020,118,118,118,118,118,407193,48033728.4
6/15/2020,118,116,116,116,116,839416,98172832
6/16/2020,116,115.2,115,115,115,1481118,170876024.6
6/17/2020,115,115,115,115,115,218682,25241645.5
6/18/2020,115,115.5,115,115.5,115.5,5328653,613007830
6/19/2020,115.5,116.1,116.1,116.1,116.1,413679,48105119.9
6/22/2020,116.1,116.1,116.1,116.1,116.1,136710,16126558
6/23/2020,116.1,118,118,118,118,1301541,153612472.4
6/24/2020,118,118,118,118,118,888387,104813589.2
6/25/2020,118,118,117.5,117.5,117.5,4697753,552317675.9
6/26/2020,117.5,117.5,117.5,117.5,117.5,55948,6557107.5
6/29/2020,117.5,117.5,117.5,117.5,117.5,1720652,201961894.6
6/30/2020,117.5,117.5,117.5,117.5,117.5,194742,22734238.2
7/1/2020,117.5,116,116,116,116,597737,69406344.4
7/2/2020,116,116,116,116,116,559996,64612049.3
7/3/2020,116,116,116,116,116,407355,47186152.2
7/6/2020,116,116,116,116,116,557948,65282314.9
7/7/2020,116,115,115,115,115,10232114,1176787915
7/8/2020,115,115,115,115,115,27969987,3217773697
7/9/2020,115,115,115,115,115,3256014,374537091
7/10/2020,115,116.1,116.1,116.1,116.1,1092199,126861618.6
7/13/2020,116.1,116.1,115,115,115,9732133,1124643228
7/14/2020,115,115,115,115,115,313706,36613901.2
7/15/2020,115,115,115,115,115,2506446,296089592.9
7/16/2020,115,118,118,118,118,610000,72189514.9
7/17/2020,118,118,118,118,118,577922,68736485.5
7/20/2020,118,118,118,118,118,216898,25835769.9
7/21/2020,118,119.5,119,119,119,728781,86800048.4
7/22/2020,119,119,119,119,119,417131,49715680.8
7/23/2020,119,120,120,120,120,3124747,374923648.9
7/24/2020,120,120,120,120,120,1314339,157964655.9
7/27/2020,120,120,120,120,120,553826,66091213.5
7/28/2020,120,118.6,118,118,118,7957736,939527773.3
7/29/2020,118,117.9,116.6,117.9,117.9,659860,77657957.8
8/3/2020,117.9,117.9,117.9,117.9,117.9,335248,40819755.2
8/4/2020,117.9,119,118,118,118,1186414,140412213
8/5/2020,118,118.1,118,118,118,1406067,165829249.1
8/6/2020,118,118.5,118.5,118.5,118.5,5373239,636595112.4
8/7/2020,118.5,118.5,118.5,118.5,118.5,593835,70327314
8/10/2020,118.5,118.5,118.5,118.5,118.5,1088374,129060285.6
8/11/2020,118.5,118.5,118.5,118.5,118.5,200958,23876311.6
8/12/2020,118.5,118.5,118.5,118.5,118.5,668479,79783477.6
8/13/2020,118.5,119.5,119.5,119.5,119.5,1271646,152225287.7
8/14/2020,119.5,120,119,119,119,3618421,431924115.7
8/17/2020,115.5,117.8,117.8,117.8,117.8,396431,46729389
8/18/2020,117.8,117.8,117.8,117.8,117.8,160896,19018903
8/19/2020,117.8,117.8,117.8,117.8,117.8,126229,14903336.7
8/20/2020,117.8,117.8,117.8,117.8,117.8,291512,34360688.9
8/21/2020,117.8,117.8,117.8,117.8,117.8,151708,17918447.6
8/24/2020,117.8,117.8,117.8,117.8,117.8,893643,105461431.5
8/25/2020,117.8,117.8,117.8,117.8,117.8,247449,29204781.9
8/26/2020,117.8,117.8,117.8,117.8,117.8,343916,40586750.3
8/27/2020,117.8,117.8,117.8,117.8,117.8,409358,48398934.5
8/28/2020,117.8,117.8,117.8,117.8,117.8,47285,5598111.8
8/31/2020,117.8,117.8,117.8,117.8,117.8,274041,32831128.4
9/1/2020,117.8,118,118,118,118,1033051,122019977.4
9/2/2020,118,118,118,118,118,1332182,157534110.7
9/3/2020,118,118.6,118.6,118.6,118.6,1594604,189153249.4
9/4/2020,118.6,118.6,118.6,118.6,118.6,383907,45797130.4
9/7/2020,118.6,118.6,118.6,118.6,118.6,879451,104752406.6
9/8/2020,118.6,119.5,118.9,119.5,119.5,424596,50636589.4
9/9/2020,119.5,119.5,119.3,119.5,119.5,4410187,526666366.3
9/10/2020,119.5,120,120,120,120,302410,36251857.2
9/11/2020,120,120,120,120,120,390904,46960070.6
9/14/2020,120,120,120,120,120,4049893,485976832.6
9/15/2020,120,120,120,120,120,350683,42060188.8
9/16/2020,120,120,119.7,120,120,8858465,1062911685
9/17/2020,120,120,120,120,120,2683616,322012610.9
9/18/2020,120,120,120,120,120,4773910,572857118.5
9/21/2020,120,120.1,120,120.1,120.1,6411621,769682031.9
9/22/2020,120.1,123,120,123,123,13279235,1594109257
9/23/2020,123,123.9,120,123.9,123.9,25717423,3126004040
9/24/2020,123.9,124,123.8,124,124,1843143,228385380.9
9/25/2020,124,124,124,124,124,460637,57148887.9
9/28/2020,124,126.5,124,126.5,126.5,5534166,692181241.2
9/29/2020,126.5,127.5,127.5,127.5,127.5,865888,110249602.3
9/30/2020,127.5,129,127,129,129,4185248,532502755.9
10/2/2020,129,130,130,130,130,818578,107048441.5
10/5/2020,130,135,135,135,135,1412707,191962620
10/6/2020,135,142.7,135,142.7,142.7,3275573,456063986.4
10/7/2020,142.7,141,140.1,140.5,140.5,2912656,411438403.9
10/8/2020,140.5,140.5,140.5,140.5,140.5,1141544,157680250.3
10/9/2020,140.5,140.5,140.5,140.5,140.5,1340470,187326990.8
10/12/2020,140.5,140,140,140,140,2541969,355958733.1
10/13/2020,140,140,140,140,140,1082700,151289968.4
10/14/2020,140,140,140,140,140,1063146,149013467.8
10/15/2020,140,140,140,140,140,3236911,453187466.1
10/16/2020,140,140.5,140,140,140,1819819,255244965.7
10/19/2020,140,140,140,140,140,1900465,266308706.4
10/20/2020,140,140,139.1,140,140,1873577,262150684
10/21/2020,140,138,138,138,138,1504059,206249366
10/22/2020,138,140,140,140,140,1712757,236938974.1
10/23/2020,140,140,140,140,140,283380,39598168
10/26/2020,140,140,140,140,140,975171,136483697.8
10/27/2020,140,140,140,140,140,1527428,213847111.1
10/28/2020,140,140,140,140,140,1122216,157361300.9
10/30/2020,140,144,143.1,144,144,2357761,337859390.8
11/2/2020,144,144,144,144,144,229397,33898528.9
11/3/2020,144,144,144,144,144,632591,93547156.9
11/4/2020,144,144,144,144,144,100092,14658661.9
11/5/2020,144,144,144,144,144,112516,16470005
11/6/2020,144,144,144,144,144,519727,77296485.4
11/9/2020,144,150.1,150,150.1,150.1,8075316,1215456871
11/10/2020,150.1,156.2,155,156.2,156.2,681479,105996401.1
11/11/2020,156.2,160,160,160,160,1039892,165985087.6
11/12/2020,160,162,160,162,162,17006283,2742940882
11/13/2020,162,155,155,155,155,2846464,441079581.2
11/16/2020,155,155,155,155,155,940240,144416090.7
11/17/2020,155,155,155,155,155,1411601,217425535.2
11/18/2020,155,155,155,155,155,1822594,282501639.1
11/19/2020,155,155,155,155,155,406214,61652560.2
11/20/2020,155,153,153,153,153,2822913,425800745.6
11/23/2020,153,153,153,153,153,371731,55950576.7
11/24/2020,153,153,153,153,153,1099442,166053326.9
11/25/2020,153,153,153,153,153,2996496,458515008.9
11/26/2020,153,153,153,153,153,4484188,686118926.8
11/27/2020,153,155,153,155,155,11581530,1791054591
11/30/2020,155,155.2,155,155.2,155.2,3207830,497642057
12/1/2020,155.2,155,155,155,155,417719,64962330
12/2/2020,155,155,155,155,155,705035,109392062.7
12/3/2020,155,160,156,156.2,156.2,27412485,4379326720
12/4/2020,156.2,156.2,156.2,156.2,156.2,252089,39596759.8
12/7/2020,156.2,156.2,156.2,156.2,156.2,291629,45827931.6
12/8/2020,156.2,156.2,156.2,156.2,156.2,594844,93755220.6
12/9/2020,156.2,156.2,156.2,156.2,156.2,310508,48985426.4
12/10/2020,156.2,155,155,155,155,2607836,404965573.4
12/11/2020,155,155,155,155,155,1659259,252613765.3
12/14/2020,155,155,155,155,155,2715920,420883377.3
12/15/2020,155,155,155,155,155,334055,51925734.5
12/16/2020,155,155,155,155,155,363370,56423754.4
12/17/2020,155,155,155,155,155,360689,56820651.8
12/18/2020,155,160,160,160,160,3973040,635573204.7
12/21/2020,160,160,160,160,160,675738,107453950.2
12/22/2020,160,160,159.9,160,160,13836427,2213751141
12/23/2020,160,160,160,160,160,3344015,535273373.6
12/24/2020,160,160.5,160,160,160,1974278,316252974.7
12/29/2020,160,160,160,160,160,769530,123435441.2
12/30/2020,160,160,160,160,160,125063,20075573
12/31/2020,160,169.9,160,169.9,169.9,25438081,4073188502
1/4/2021,169.9,169.9,169.9,169.9,169.9,86319,15705716.8
1/5/2021,169.9,175,160,165.2,165.2,3527526,591715833.1
1/6/2021,165.2,165.2,165.2,165.2,165.2,66439,11150915.3
1/7/2021,165.2,165.2,165.2,165.2,165.2,110942,18735715
1/8/2021,165.2,165.2,165.2,165.2,165.2,133843,22518080.1
1/11/2021,165.2,165.2,165.2,165.2,165.2,164959,27712912.5
1/12/2021,165.2,165,164.9,165,165,4112708,679101863.1
1/13/2021,165,170,165,165,165,13410602,2246127511
1/14/2021,165,168,168,168,168,354710,59438079.3
1/15/2021,168,170,168,170,170,2046163,346224343.2
1/18/2021,170,170,170,170,170,470597,79433279.2
1/19/2021,170,170,170,170,170,639650,108862158.7
1/20/2021,170,170.2,170.2,170.2,170.2,864244,147142887.1
1/21/2021,170.2,170,170,170,170,3125260,531372941.5
1/22/2021,170,170.1,170,170,170,6148743,1046052151
1/25/2021,170,170,170,170,170,242513,41385538.5
1/26/2021,170,170.9,170.9,170.9,170.9,1454312,248760297.9
1/27/2021,170.9,175,175,175,175,2736248,481958589.9
1/28/2021,175,175,175,175,175,803146,147156333.4
1/29/2021,175,181,180.1,181,181,5250358,947567128.9
2/1/2021,181,181,181,181,181,1335248,247529505.4
2/2/2021,181,181,181,181,181,627726,116418307.4
2/3/2021,181,181,181,181,181,501881,93853668.7
2/4/2021,181,181,181,181,181,311228,57870411.3
2/5/2021,181,183,180,180,180,4738004,858222186
2/8/2021,180,180,180,180,180,649501,118857489.2
2/9/2021,180,180,180,180,180,2893967,521230510.2
2/10/2021,180,180,179,180,180,4701182,846214204.4
2/11/2021,180,182.9,180,182.9,182.9,8690789,1574832622
2/12/2021,182.9,182,182,182,182,2439259,442156978.7
2/15/2021,182,180,180,180,180,1943418,349771214.3
2/16/2021,180,181.7,180,180,180,2627304,473528366.4
2/17/2021,180,181.9,181,181.7,181.7,3073565,557108862.1
2/18/2021,181.7,180,180,180,180,779774,140342959.7
2/19/2021,180,180,180,180,180,122994,22008892.4
2/22/2021,180,180,180,180,180,2582008,464653932.8
2/23/2021,180,180,180,180,180,1561864,280024833.7
2/24/2021,180,179.9,179.9,179.9,179.9,278733,50082816.7
2/25/2021,179.9,179.9,179.9,179.9,179.9,1376250,244861218.9
2/26/2021,179.9,174,174,174,174,780940,136361786.8
3/1/2021,174,174,174,174,174,901931,151126724.3
3/2/2021,174,174,174,174,174,503064,84929640.5
3/3/2021,174,170,170,170,170,1524555,258327997.1
3/4/2021,170,170,170,170,170,599055,98267205.3
3/5/2021,170,170,170,170,170,643201,104494088.8
3/8/2021,170,170,170,170,170,1037308,167438968.2
3/9/2021,170,160,160,160,160,15181250,2428869027
3/10/2021,160,160,160,160,160,332708,53186067.9
3/11/2021,160,160,159.9,160,160,628223,100380162.6
3/12/2021,160,158,158,158,158,861711,136493795.5
3/15/2021,158,158,158,158,158,85034,13561694.6
3/16/2021,158,159.9,159.9,159.9,159.9,677552,107756207.9
3/17/2021,159.9,159.9,159.9,159.9,159.9,74077,11756128.9
3/18/2021,159.9,159.9,159.9,159.9,159.9,700642,111107014.1
3/19/2021,159.9,160,157,157,157,1479058,234863614.4
3/22/2021,157,157,157,157,157,62006,9829980.6
3/23/2021,157,157.2,157.2,157.2,157.2,2749869,432368246.1
3/24/2021,157.2,161,158.5,161,161,6713553,1073964130
3/25/2021,161,163,160,163,163,10072281,1613244388
3/26/2021,163,160,160,160,160,1120644,181069937
3/29/2021,160,165,165,165,165,2761218,455616999.7
3/30/2021,165,165,165,165,165,340394,57098346.3
3/31/2021,165,160.2,160.2,160.2,160.2,161394,26023792.5
4/1/2021,160.2,160.2,160.2,160.2,160.2,225940,36402070.4
4/6/2021,160.2,160.2,160.2,160.2,160.2,270031,44363489.5
4/7/2021,160.2,162,160.2,162,162,2353979,381241413.8
4/8/2021,162,162,162,162,162,103403,16791719.9
4/9/2021,162,163.9,160,163.9,163.9,1256001,205374243.8
4/12/2021,163.9,163.9,163.9,163.9,163.9,308139,49986396.6
4/13/2021,163.9,162,160,160,160,2231170,360556404.9
4/14/2021,160,161,161,161,161,1138768,183265805
4/15/2021,161,161,161,161,161,103077,16667389.3
4/16/2021,161,163,163,163,163,570709,93047399.6
4/19/2021,163,163.3,163.3,163.3,163.3,181732603,29676973133
4/20/2021,163.3,165,165,165,165,605639,99978312.5
4/21/2021,165,165,165,165,165,66963,11103280.8
4/22/2021,165,165,165,165,165,158232,26488723.4
4/23/2021,165,165,165,165,165,163096,27600664.8
4/26/2021,165,165,165,165,165,273325,46357697.7
4/27/2021,165,165,165,165,165,338005,56548628.4
4/28/2021,165,165,165,165,165,47748,8188504
4/29/2021,165,171.5,171.5,171.5,171.5,576771,99122897.4
4/30/2021,171.5,174.9,174.9,174.9,174.9,2131343,372035855.2
5/4/2021,174.9,175,174,174,174,2781985,484695879.7
5/5/2021,168.1,169.9,169.9,169.9,169.9,1593262,265530281.4
5/6/2021,169.9,162,161,162,162,3395032,547517506
5/7/2021,162,162,162,162,162,160101,25914994.5
5/10/2021,162,162,162,162,162,347390,56585754.6
5/11/2021,162,161.7,161.7,161.7,161.7,577256,93378730.7
5/14/2021,161.7,161.7,161.7,161.7,161.7,1588512,255126504.8
5/17/2021,161.7,160,160,160,160,1961345,313914617.6
5/18/2021,160,160,160,160,160,541605,86781631
5/19/2021,160,160,160,160,160,191689,30762944.5
5/20/2021,160,160,160,160,160,154612,24846709.5
5/21/2021,160,160,160,160,160,299353,48029887.3
5/24/2021,160,160.5,160.5,160.5,160.5,570386,91566521
5/25/2021,160.5,160.5,160.5,160.5,160.5,302202,48412186
5/26/2021,160.5,160.5,160.5,160.5,160.5,133963,21492983.6
5/27/2021,160.5,160.5,160.5,160.5,160.5,110931,17842691.7
5/28/2021,160.5,160.9,160.9,160.9,160.9,951265,153677892.7
5/31/2021,160.9,162.5,162.5,162.5,162.5,403004,65709535.8
6/1/2021,162.5,162.5,162.5,162.5,162.5,303900,49505347
6/2/2021,162.5,162.5,162.5,162.5,162.5,109642,17880897.2
6/3/2021,162.5,164.9,164.9,164.9,164.9,603202,99169392.2
6/4/2021,164.9,165,165,165,165,869110,143561492.5
6/7/2021,165,165,165,165,165,422327,69643648.4
6/8/2021,165,165,165,165,165,60034,9872790
6/9/2021,165,165,165,165,165,745472,122903198.3
6/10/2021,165,165,165,165,165,139025,22917949.6
6/11/2021,165,162.8,162.7,162.7,162.7,1623496,264608702
6/15/2021,162.7,163,162.6,163,163,2343633,381484870.1
6/16/2021,163,165,165,165,165,1369599,225721782.1
6/17/2021,165,165,165,165,165,316234,51651316
6/18/2021,165,165,165,165,165,396004,64758236.9
6/21/2021,165,165,165,165,165,401073,65678799.7
6/22/2021,165,165,165,165,165,2022823,333751986.4
6/23/2021,165,165,165,165,165,318338,52324364.7
6/24/2021,165,165,165,165,165,501119,82555256.9
6/25/2021,165,164,163,163,163,922518,151068279.8
6/28/2021,163,163,163,163,163,9207699,1500941028
6/29/2021,163,163,163,163,163,556064,90834429.2
6/30/2021,163,164,164,164,164,10174366,1668497925
7/1/2021,164,164,164,164,164,616195,101093053.1
7/2/2021,164,164,164,164,164,168831,27688988.4
7/5/2021,164,164,164,164,164,125603,20539403.1
7/6/2021,164,164,164,164,164,840149,137084142.4
7/7/2021,164,164,164,164,164,329511,53596118.1
7/8/2021,164,164,162.9,164,164,1892511,309466558.7
7/9/2021,164,164,164,164,164,944617,154823285.2
7/12/2021,164,164.1,163,163,163,4745030,777735974.8
7/13/2021,163,163,163,163,163,450520,73692519
7/14/2021,163,164,164,164,164,2029735,332873684
7/15/2021,164,164,164,164,164,887104,145481492
7/16/2021,164,165,165,165,165,280909,46214087.2
7/19/2021,165,165,165,165,165,271205,44682695.2
7/22/2021,165,165,165,165,165,392590,64448591.1
7/23/2021,165,165,165,165,165,489292,80402498.7
7/26/2021,165,165,165,165,165,439598,71898397.3
7/27/2021,165,163.1,163.1,163.1,163.1,1350984,220398823
7/28/2021,163.1,163.5,163.1,163.5,163.5,1619235,264303202.1
7/29/2021,163.5,164.1,164.1,164.1,164.1,500774,82186185.3
7/30/2021,164.1,165,165,165,165,4635428,764842647.5
8/2/2021,165,168,166.6,168,168,916383,153566835.6
8/3/2021,168,171,169,171,171,2227927,376821742.3
8/4/2021,171,171,171,171,171,122577,20699786
8/5/2021,171,168,168,168,168,611892,102697774.5
8/6/2021,168,170,168,168,168,561345,94572921.1
8/9/2021,168,168.1,168.1,168.1,168.1,562874,94661159.7
8/10/2021,168.1,172.1,172.1,172.1,172.1,2845746,489331236.7
8/11/2021,172.1,172.1,172.1,172.1,172.1,4515833,777805650
8/12/2021,172.1,175,172.1,172.1,172.1,617012,106895977.4
8/13/2021,172.1,172.1,172.1,172.1,172.1,477574,82492708.7
8/16/2021,172.1,172.1,172.1,172.1,172.1,1691843,296051375.9
8/17/2021,172.1,172.1,172.1,172.1,172.1,185084,32689454.8
8/18/2021,172.1,172.1,172.1,172.1,172.1,456678,80675986.8
8/19/2021,172.1,176.5,176.5,176.5,176.5,3076571,543789912.3
8/20/2021,172,172,172,172,172,3351914,578600334.7
8/23/2021,172,172,172,172,172,1151763,198040620.3
8/24/2021,172,172,172,172,172,418947,72195586.3
8/25/2021,172,172,172,172,172,898925,155237603.6
8/26/2021,172,172,172,172,172,2878548,496684010
8/27/2021,172,172.5,172.5,172.5,172.5,823170,141718612.3
8/30/2021,172.5,172.5,172.5,172.5,172.5,1028128,176840478.9
8/31/2021,172.5,172.5,172.5,172.5,172.5,1216958,209191489.4
9/1/2021,172.5,172.5,172.5,172.5,172.5,602836,104008078.7
9/2/2021,172.5,172.5,172.5,172.5,172.5,566343,97641624.3
9/3/2021,172.5,172.5,172.5,172.5,172.5,1988499,343126502.5
9/6/2021,172.5,172.5,172.5,172.5,172.5,160106,27747458.7
9/7/2021,172.5,172.5,172.5,172.5,172.5,61067,10649057.3
9/8/2021,172.5,172.5,172.5,172.5,172.5,244206,42151447.9
9/9/2021,172.5,172.5,172.5,172.5,172.5,1601668,275999604.2
9/10/2021,172.5,172.5,172.5,172.5,172.5,1238795,213765027.9
9/13/2021,172.5,172.5,172.5,172.5,172.5,723622,125254693.7
9/14/2021,172.5,172.5,172.5,172.5,172.5,1347941,233462480.6
9/15/2021,172.5,175,174.5,175,175,5794223,1011344768
9/16/2021,175,175,175,175,175,139031,24431083.8
9/17/2021,175,175,175,175,175,1354677,237149550.8
9/20/2021,175,175,175,175,175,4301043,752673256.2
9/21/2021,175,175,175,175,175,832221,145647178.9
9/22/2021,175,175,175,175,175,159530,27911985.4
9/23/2021,175,175,175,175,175,463448,81033803.2
9/24/2021,175,175,175,175,175,5059113,885346442.2
9/27/2021,175,175,175,175,175,2657763,465052878.8
9/28/2021,175,175,175,175,175,134715,23480030.3
9/29/2021,175,175,175,175,175,380203,66272171.1
9/30/2021,175,175,174.9,174.9,174.9,1139171,199230439.1
10/4/2021,174.9,174.9,174.9,174.9,174.9,325894,56867736.9
10/5/2021,174.9,174.9,174.9,174.9,174.9,908431,157625223.2
10/6/2021,174.9,174.9,174.9,174.9,174.9,674603,116741808.7
10/7/2021,174.9,174.9,174.9,174.9,174.9,254390,44035820.2
10/8/2021,174.9,174.9,174.9,174.9,174.9,639929,111388409
10/11/2021,174.9,174.9,174.9,174.9,174.9,494231,84944828.3
10/12/2021,174.9,174.9,174.9,174.9,174.9,189812,32099131.9
10/13/2021,174.9,174.9,174.9,174.9,174.9,1091442,183099657.4
10/14/2021,174.9,174.9,174.9,174.9,174.9,160645,27266067
10/15/2021,174.9,174.9,174.9,174.9,174.9,190390,32475889.2
10/18/2021,174.9,169.9,169.9,169.9,169.9,1509661,256384743.6
10/20/2021,169.9,172,172,172,172,634210,109181085.4
10/21/2021,172,174,172,174,174,2666379,458427467.8
10/22/2021,174,174,174,174,174,2191430,380946367
10/25/2021,174,174,174,174,174,859774,149608458.9
10/26/2021,174,174.1,174,174,174,1906343,331779155.3
10/27/2021,174,174,174,174,174,549417,96402022.6
10/28/2021,174,175.6,175.6,175.6,175.6,1292770,227165159.1
10/29/2021,175.6,175.6,175.6,175.6,175.6,827349,148172285.1
11/1/2021,175.6,175.6,175.6,175.6,175.6,1206342,216465145.6
11/2/2021,175.6,175.6,175.6,175.6,175.6,1232722,221850722
11/3/2021,175.6,175.6,175.6,175.6,175.6,318649,57369110.2
11/4/2021,175.6,175.6,175.6,175.6,175.6,497668,94875242.4
11/5/2021,175.6,175.6,175.6,175.6,175.6,498752,91694381.3
11/8/2021,175.6,193,190,192.5,192.5,4021840,772232310.7
11/9/2021,192.5,205,199.9,200,200,5375047,1076957731
11/10/2021,200,209.9,201,201,201,7132200,1488708782
11/11/2021,201,200,200,200,200,2053208,405340141.9
11/12/2021,200,191,191,191,191,1764051,334171605.9
11/15/2021,191,190,189,190,190,3902484,740254474.9
11/16/2021,190,190,190,190,190,473937,89860324
11/17/2021,190,190,190,190,190,154338,29140256
11/18/2021,190,190,190,190,190,200209,37876187.2
11/19/2021,190,190,190,190,190,182681,34419648.9
11/22/2021,190,190,190,190,190,1864032,354035633.6
11/23/2021,190,190,190,190,190,439631,80771580.4
11/24/2021,190,190,190,190,190,469631,84566521.6
11/25/2021,190,190,190,190,190,236806,41757145.6
11/26/2021,190,190,190,190,190,588313,103117582.8
11/29/2021,190,190,190,190,190,187140,32637050.7
11/30/2021,190,190,190,190,190,349125,60150400.9
12/1/2021,190,171,171,171,171,516179,88266609
12/2/2021,171,169.2,169.2,169.2,169.2,3698106,625691568.1
12/3/2021,169.2,167,167,167,167,950138,159956138.2
12/6/2021,167,167,167,167,167,696614,117354148.7
12/7/2021,167,167,167,167,167,57264,9959948.2
12/8/2021,167,174.5,174.5,174.5,174.5,826307,143523542.6
12/9/2021,174.5,174.5,174.5,174.5,174.5,605579,105684337.9
12/10/2021,174.5,174.5,174.5,174.5,174.5,172016,30455658.6
12/13/2021,174.5,186.8,186.8,186.8,186.8,679667,125866709.9
12/14/2021,186.8,186.8,186.8,186.8,186.8,1221988,227875803.2
12/15/2021,186.8,187.2,187,187,187,2165368,404984992.3
12/16/2021,187,187,186.5,187,187,3273168,611991542.2
12/17/2021,187,187,187,187,187,1150958,213052130.6
12/20/2021,187,185.9,185.9,185.9,185.9,1918792,357197033.7
12/21/2021,185.9,186,186,186,186,1693345,314923485.2
12/22/2021,186,183.5,183.5,183.5,183.5,1743757,319819494.1
12/23/2021,183.5,182.7,182.7,182.7,182.7,1675515,306099670
12/24/2021,182.7,182.7,182.7,182.7,182.7,76271,13788342.8
12/29/2021,182.7,182,182,182,182,1975342,359364091.3
12/30/2021,182,182,182,182,182,1342118,244021030.3
12/31/2021,182,197,182,197,197,5291430,1000058048
1/4/2022,197,197,197,197,197,122828,23654659.3
1/5/2022,197,197,197,197,197,592253,109820221.4
1/6/2022,197,197,197,197,197,413787,76232318.7
1/7/2022,197,197,197,197,197,667122,123459996.6
1/10/2022,197,186,185.2,185.5,185.5,1773328,329795952.9
1/11/2022,185.5,186,186,186,186,348386,64827127.4
1/12/2022,186,190,186,190,190,2569293,485765736.5
1/13/2022,190,190,190,190,190,3109750,590796644.4
1/14/2022,190,190,190,190,190,3630312,689576622.2
1/17/2022,190,190,190,190,190,961466,182686379
1/18/2022,190,190,190,190,190,154392,29438515.4
1/19/2022,190,190,190,190,190,131316,25222458
1/20/2022,190,190,190,190,190,339702,65508157.9
1/21/2022,190,190,190,190,190,63675,12204017.8
1/24/2022,190,190,190,190,190,117498,22525041.7
1/25/2022,190,190,190,190,190,2313251,439675780.7
1/26/2022,190,190,190,190,190,5237987,995268654.8
1/27/2022,190,190,190,190,190,1734115,329674153.2
1/28/2022,190,190,190,190,190,6807702,1293464093
1/31/2022,190,197.5,197.5,197.5,197.5,378043,73999543.7
2/1/2022,197.5,202.5,202.5,202.5,202.5,1459595,292653133
2/2/2022,202.5,201,200,200,200,4316039,864071014.3
2/3/2022,200,200,200,200,200,1276195,255215818.4
2/4/2022,200,200.3,200.3,200.3,200.3,728177,145910856
2/7/2022,200.3,199,199,199,199,1735801,346328188.7
2/8/2022,199,197,197,197,197,2912482,572694270.1
2/9/2022,197,197,196.9,197,197,4402337,865910162.5
2/10/2022,197,197,196.5,197,197,672464,132273648.5
2/11/2022,197,198,196,198,198,2105456,413626633.8
2/14/2022,198,198.5,198,198.5,198.5,8436306,1672457261
2/15/2022,198.5,199,199,199,199,1762268,350755675.8
2/16/2022,199,200,200,200,200,21697248,4339604859
2/17/2022,200,200,199.8,199.8,199.8,3886138,776558819.7
2/18/2022,199.8,199.5,199.5,199.5,199.5,3520346,702376585.1
2/21/2022,199.5,199.8,199.5,199.8,199.8,2277504,454496165.5
2/22/2022,199.8,199.8,199.7,199.8,199.8,1246546,249025530.2
2/23/2022,199.8,200,200,200,200,1054936,210597595.1
2/24/2022,200,200,200,200,200,2944257,588817545.4
2/25/2022,200,202.5,201,201,201,2158877,434870822.2
2/28/2022,201,201,201,201,201,1065567,214014134.4
